<configuration>

  <appender name="FILE" class="ch.qos.logback.core.FileAppender">
    <file>rockingworm-logback.log</file>

    <encoder>
      <pattern>%date %level [%thread] %logger [%file:%line] %msg%n</pattern>
    </encoder>
  </appender>

  <appender name="STDOUT" class="ch.qos.logback.core.ConsoleAppender">
    <encoder>
      <pattern>[%thread] [%file:%line] %msg%n</pattern>
    </encoder>
  </appender>

  <root level="DEBUG">
    <appender-ref ref="FILE" />
    <appender-ref ref="STDOUT" />
  </root>

  <logger name="testnull" level="OFF"/>
  <logger name="filesystem" level="OFF"/>
  <logger name="buffermanager" level="OFF"/>
  <logger name="indexmanager" level="OFF"/>
  <logger name="tablemanager" level="OFF"/>
   <logger name="tablelogger" level="OFF"/>
   <logger name="test.HashJoin" level="OFF"/>
  <logger name="TestLogger.logger1" level="OFF"/>
  <logger name="TestLogger.logger2" level="OFF"/>
  <logger name="TestLogger.testLight3" level="OFF"/>
  <logger name="TestLogger.testBulk" level="OFF"/>
  <logger name="TestLogger.testLight" level="OFF"/>
  <logger name="TestLogger.testLight2" level="OFF"/>  
  <logger name="lq.transaction.TableLock" level="OFF"/>
  <logger name="lq.logging.LogManager" level="OFF"/>
  <logger name="lq.logging.LogRecord" level="OFF"/>
  <logger name="lq.jdbc" level="OFF"/>
  <logger name="lq.logging.Recovery" level="OFF"/>
</configuration>